位置,次数
御金沙 ,80
越秀星汇云城 ,54
富力桃园 ,54
城西花园 ,34
金域蓝湾 ,25
岭南新世界 ,24
景泰新村 ,21
家和东湖映月 ,17
富力半岛 ,15
金碧新城 ,15
汇侨新城北区 ,14
锦翠苑(金钟横路) ,12
利都大厦 ,12
广园云苑新村 ,12
盈富居 ,11
紫薇花园 ,11
云裳丽影 ,9
祥景花园雍翠园 ,9
汇侨新城南区 ,9
金湖雅苑 ,9
瑞晖花园 ,8
星汇金沙雅筑 ,8
新市花园一区 ,8
金碧雅苑 ,7
增槎路 ,7
黄石花园 ,7
梅苑小区 ,7
保利汇海花园 ,6
保利西子湾 ,6
远景新苑 ,6
金满花园 ,6
云东小区 ,6
金满家园 ,5
云山诗意 ,5
紫荆花园 ,5
春鸿居 ,5
恒大绿洲花园 ,5
美景苑 ,5
翠福居 ,5
白云家园 ,5
南洋电器厂宿舍 ,5
新兴白云花园 ,5
乐得花园 ,5
祥景花园AC区 ,5
富力城北区 ,5
白云明珠广场 ,5
交电新村 ,5
时代玫瑰园 ,5
白云高尔夫花园东区 ,5
大源山庄 ,5
保利江岸花园 ,5
保利紫云 ,5
白云高尔夫花园荷塘月色 ,4
南航新村 ,4
民航小区南云西街 ,4
岭南新世界映悦园 ,4
白云骏景 ,4
一品湖山 ,4
建南大厦 ,4
岭南雅院 ,4
云景花园云景名都 ,4
白云畔山花园 ,4
龙湖招商・天 ,4
飞鹅西路 ,4
田心花园 ,4
松溪花园 ,4
康盈阁 ,4
积德花园 ,4
富力阳光美居 ,4
荔苑公寓 ,4
合益小区 ,4
广园中路 ,4
水警宿舍 ,3
华园北路华园北街 ,3
榕溪花园 ,3
顺景花园 ,3
馨雅居 ,3
广播设备厂宿舍 ,3
依云小镇 ,3
松南路 ,3
颐和上院一期 ,3
朗骏苑 ,3
江南世家 ,3
云山熹景 ,3
警察学院家属区 ,3
同德花园同景苑 ,3
康雅花园 ,3
金泉山庄 ,3
万科蓝山 ,3
民航小区康寿街 ,3
云西小区 ,3
阳光花园 ,3
合一国际 ,3
银苑大厦(白云) ,3
恒大御府 ,3
云山锦绣家园 ,3
广信春兰花园 ,3
元邦航空家园 ,3
华兴苑 ,3
合益街31号大院 ,3
岗贝路101号-123号宿舍(单号) ,3
明月金岸花园 ,3
云涛花园 ,2
丝绸大厦 ,2
旧云东小区 ,2
富力碧涛湾 ,2
京溪尚苑 ,2
景泰名苑 ,2
上步花园 ,2
保利春天里 ,2
盈翠华庭 ,2
侨德花园 ,2
深业金翠湾 ,2
嘉福楼 ,2
利海绿洲花园 ,2
梅宾东宿舍 ,2
嘉德苑 ,2
新世界嘉云府 ,2
南湖半山东苑 ,2
同沙路 ,2
同德花园同雅苑 ,2
宏航苑 ,2
黄石小区 ,2
中海金沙馨园一期 ,2
骏御华庭 ,2
万科爱地住宅区 ,2
华宇苑 ,2
星汇晴轩 ,2
华德大厦 ,2
圣雅堡 ,2
百荣园 ,2
时代天朗花园 ,2
富力城南区 ,2
汇美苑 ,2
紫来居 ,2
怡富尚苑 ,2
惠泽雅轩 ,1
保利珑熙 ,1
广信白兰花园 ,1
万科云山花园 ,1
民航小区向云西街 ,1
云景花园云桦苑 ,1
云东花园 ,1
云山居 ,1
万科o境 ,1
枫溪苑 ,1
松云雅苑 ,1
白云高尔夫花园西区 ,1
岗贝路海棠居 ,1
嘉景园 ,1
中海金沙馨园二期西区 ,1
贝丽花园 ,1
怡新花园 ,1
京华雅居 ,1
嘉利苑 ,1
汇祥苑 ,1
万方园 ,1
保利金沙大都汇 ,1
静心林语园 ,1
汇雅花园 ,1
云泉居 ,1
绿地时代云都汇 ,1
汇侨新苑 ,1
广州市司法学校黄边校区 ,1
佳兆业天墅 ,1
南湖半岛花园 ,1
建发央玺 ,1
腾龙阁 ,1
佳兆业天御 ,1
大城云山 ,108
华标荔苑 ,46
紫泉翠荔嘉园 ,40
时代印象 ,39
珠江国际城 ,32
人盛巴厘天地 ,32
富力泉天下 ,26
智汇国际 ,25
上雅君庭 ,24
新光百德广场 ,23
雅居乐小院流溪 ,22
荔林春晓 ,17
逸泉山庄 ,17
珠光御景山水城 ,11
东方夏湾拿 ,9
碧桂园荔山雅筑 ,8
紫泉流溪湾 ,6
珠光流溪御景 ,5
珠光山水御苑 ,5
雅居乐滨江花园 ,5
时代幸汇 ,5
七星路 ,4
逸泉映翠 ,4
雅居乐滨江雅苑 ,3
荔枝花园 ,3
从化怡景楼 ,3
银农楼 ,3
托斯卡纳(从化区) ,2
上城湾畔B区 ,2
西宁中路 ,2
碧桂园御湖城二期 ,2
回归路小区 ,2
莱茵水岸 ,2
方圆明月山溪 ,2
星汇峰 ,2
鸿运楼 ,2
东成路 ,2
骏逸湖畔花苑 ,2
镇北路 ,1
新村北路 ,1
宏业楼 ,1
雍晟美景家园 ,1
河滨北路 ,1
龙井村 ,1
欣荣宏国际商贸城 ,1
玫瑰@ ,1
雍禾苑 ,1
建云东路 ,1
丰盈雅居 ,1
碧桂园从化1960 ,1
星河绿洲 ,1
侨宏花园 ,1
凤仪西路 ,1
御景宏雅花园 ,1
中田北路 ,1
城内路 ,1
爱尚流溪 ,1
彩虹苑 ,1
名城御景绿洲 ,1
新平路 ,1
太平花园 ,1
金碧花园第一金碧 ,22
第二金碧花园 ,15
滨江东路(海珠) ,14
江南西路 ,13
第三金碧花园 ,12
晓港湾 ,11
晓港中马路 ,10
纺织路(海珠) ,10
江南大道中 ,9
前进路(海珠) ,9
聚龙花园 ,9
万科金域华庭 ,9
逸景翠园 ,9
荔福路 ,9
富基广场A区 ,8
同福西路 ,8
华保花园 ,8
昌岗东路 ,7
万寿路 ,7
保利红棉花园 ,6
洪德路 ,6
五一新村 ,6
星汇湾花园 ,6
海城花苑 ,6
保利丰花园 ,6
翠城花园 ,6
洪德雅苑 ,5
侨诚花园 ,5
南华东路 ,5
沙园 ,5
大江苑夏沙巷 ,5
滨江西路 ,5
晓港西马路 ,5
同福中路 ,5
海印南苑 ,4
海悦大厦 ,4
海外花园 ,4
雅景苑 ,4
侨诚花园宝通街 ,4
同福东路 ,4
工业大道北 ,4
建基路 ,3
昌岗中路 ,3
电子七所大院 ,3
珠江广场 ,3
南华西路 ,3
雅致花园 ,3
富基广场B区 ,3
晓燕湾 ,3
福雅居 ,3
滨江1933 ,3
南村路 ,3
素社新村 ,3
富力千禧花园 ,3
金雅苑 ,3
泰沙路 ,3
金汇花园 ,3
乐居苑 ,3
南丽苑 ,3
南田路 ,3
瑞康大厦 ,3
凤凰新村 ,3
宏宇广场 ,3
保利花园 ,3
润汇大厦 ,3
海意名苑 ,3
嘉鸿花园 ,3
双子星城 ,3
梅园阁 ,2
凤阳小区 ,2
浪琴居 ,2
保利百合花园二期 ,2
嘉丽苑 ,2
江燕花园 ,2
怡乐路13号大院 ,2
新城国际 ,2
聚宝阁 ,2
金融街融御 ,2
凤安花园 ,2
雅郡花园 ,2
海韵轩 ,2
滨江瑞城 ,2
南洲名苑 ,2
江南美景花园 ,2
金影花园 ,2
梅园南路 ,2
小港路 ,2
邦泰公馆 ,2
金丰花园 ,2
同庆路 ,2
丽景花苑 ,2
天汇大厦 ,2
宝岗大道 ,2
富泽园 ,2
海富花园 ,2
广东教育学院 ,2
新港西路99号大院 ,2
南北广场 ,2
南景园 ,2
英豪花园 ,2
嘉仕花园东区 ,2
东翠花园 ,2
中旅侨苑 ,2
怡乐路 ,2
珠江帝景苑 ,2
光大花园水岸榕城 ,2
自由心岸 ,2
穗花新村 ,2
光大花园 ,2
保利百合花园 ,2
怡安花园 ,2
建基路电信大厦 ,2
润南花园 ,2
金满楼(海珠区) ,2
怡雅苑(海珠) ,1
广东轻工学院宿舍 ,1
海天花苑 ,1
光大花园中海锦榕湾 ,1
荔福花园 ,1
珠光高派华庭 ,1
纵横公寓 ,1
合生颐景华苑 ,1
怡雅居 ,1
经典居 ,1
中信乐涛苑 ,1
金星花园 ,1
港务局宿舍 ,1
鸣翠花园 ,1
翠馨华庭 ,1
叠彩园 ,1
远洋宿舍（晓港） ,1
广纸小区 ,1
花城湾畔 ,1
荔福小区 ,1
朗晴居二期 ,1
富力顺意花园 ,1
坚真花园 ,1
杏坛小区 ,1
沙园路(海珠) ,1
会展西岸 ,1
江南新苑 ,1
锦丽居 ,1
橡胶新村102号大院 ,1
东晓大厦 ,1
南翠苑 ,1
南方花园 ,1
电器研究所 ,1
康怡花苑 ,1
可逸家园 ,1
荔海鸣蝉花园 ,1
雅居乐海珠小雅 ,1
聚德花苑 ,1
军休五所家属院 ,1
赤岗三街2至28号小区 ,1
海珠半岛花园 ,1
礼岗路 ,1
敦和花园 ,1
粤信广场阳光公寓 ,1
顺景雅苑 ,1
富景花园 ,1
缝纫机厂宿舍 ,1
海琴湾宜利苑 ,1
丽海雅居 ,1
梅园西路 ,1
光大花园榕城尚品公寓 ,1
赤岗路 ,1
悦龙阁 ,1
海景阁 ,1
仲恺路 ,1
奇星药厂宿舍 ,1
新港中路 ,1
富力金禧花园 ,1
江南嘉居 ,1
丰盈居 ,1
碧海大厦 ,1
革新路 ,1
燕子岗路 ,1
南边路(海珠区) ,1
星御翠园 ,1
逸翠居 ,1
工业大道中福南新街 ,1
同乐大厦 ,1
石岗路34号大院 ,1
翠怡小区 ,1
细岗路 ,1
晓园新村晓园新 ,1
赤岗二街1号大院 ,1
晓园新村晓园东 ,1
南华花园 ,1
汇龙居 ,1
昌盛小区 ,1
怡龙大厦 ,1
米兰苑 ,1
海珠花园窝趣公寓 ,1
晓港东三马路 ,1
橡胶新村远洋宿舍 ,1
广船宿舍 ,1
新港西路 ,1
蓝色快线 ,1
滨江中路 ,1
豪丰园 ,1
南村水产大院 ,1
自由人花园 ,22
天马丽苑二期 ,19
雪域澜庭A1区 ,16
班芙小镇 ,16
时代城 ,12
富力金港城东区 ,12
花城路 ,10
绿地空港国际中心 ,9
祈福天龙苑 ,9
雅居乐锦城花漾集 ,9
豪利花园 ,9
雅居乐花城雅郡 ,8
名门国际 ,8
祈福万景峰 ,8
建设北路 ,8
保利城 ,7
云峰学府花园 ,7
云峰花园 ,7
越秀臻悦府 ,7
富丽花园 ,6
学府南苑 ,6
峰境园 ,6
保利悦廷 ,6
金联市场 ,6
凯旋国际 ,5
中建・映花悦府 ,5
雪域澜庭A2区 ,5
福宁路 ,5
花都颐和山庄 ,5
东方文德森岛湖 ,4
颐和盛世 ,4
致岭假日花园 ,4
万科天景花园 ,4
宝铼雅居 ,4
荔园悦享花醍 ,4
绿地新里缇香公馆 ,4
中新花园 ,4
祈福辉煌台 ,4
豪利幸福里 ,4
富力金港城南区 ,4
广州融创文旅城B1区 ,4
富庄庭 ,3
风神花园 ,3
祈福生活无限 ,3
雅居乐雍华廷二期 ,3
碧泰豪苑 ,3
岭南公馆 ,3
豪骏名苑 ,3
智烨山水豪庭 ,3
湖畔花园 ,3
雅居乐・岭会 ,3
南航碧花园D区 ,3
雅居乐万科热橙 ,3
芷兰苑 ,3
金花园小区 ,3
勤天安合商务大厦 ,3
万虹花园 ,3
碧桂园星港国际 ,3
家和逸品苑 ,3
粮食局小区 ,3
商业大道 ,3
青云楼 ,3
新中路 ,3
嘉汇城一期 ,3
双赢如家公寓 ,3
逸泉韵翠花园 ,3
华南苑 ,2
文苑小区 ,2
骏威锦东花园C区 ,2
东晖名苑 ,2
美力花园 ,2
公园前9号小区 ,2
花城苑 ,2
雅居乐雍逸豪庭 ,2
华景雅苑德维轩 ,2
华侨花园 ,2
工会大厦 ,2
松园大厦(花都区) ,2
东骏花园 ,2
天马河壹号 ,2
中房观湖国际 ,2
小城之春雅居 ,2
云珠花园 ,2
福虹阳光美地 ,2
新鸿基御华园 ,2
紫薇丽都 ,2
建设路(花都区) ,2
芙蓉春晓 ,2
万科兰乔圣菲 ,2
雅居乐汇通广场 ,2
广州融创文旅城商务公寓 ,2
新华路 ,2
云山大道 ,2
桐悦花园 ,2
花城美汇 ,2
花城悦翠园 ,2
中建天骄 ,2
桃源盛世名苑 ,2
花都站前路 ,2
裕兴新村 ,2
公园前路 ,2
富雅西苑小区 ,2
天贵雅苑D区 ,2
金河湾花园一期 ,2
美雅苑 ,2
美林轩逸时光 ,2
合和新城 ,2
俊怡御景花园 ,2
雅居乐雍华廷一期 ,2
凤凰御景 ,2
天马河壹号一期 ,2
五洲花园 ,2
雅宝新城 ,2
顺景楼(花城路) ,2
来福花园 ,1
银雅华庭 ,1
凤华路13号 ,1
新花苑小区 ,1
红珠路 ,1
益登华庭 ,1
深航御花园 ,1
新都园 ,1
钻石豪庭 ,1
融创雪域华庭 ,1
荣威楼 ,1
豪逸名苑 ,1
天贵雅苑A区 ,1
在水一方 ,1
卓粤卓雅名苑 ,1
永大新城 ,1
尚品雅居山语 ,1
越秀臻裕府 ,1
嘉都汇 ,1
祈福聚龙堡 ,1
狮峰公馆 ,1
逸贤苑 ,1
秀全大道 ,1
融创天h ,1
金地商置o华 ,1
金碧御水山庄 ,1
勤天一品树院 ,1
嘉华世家 ,1
永星景苑 ,1
凤华路 ,1
秀全苑 ,1
怡翠苑 ,1
新晖朗悦居 ,1
骏辉雅苑 ,1
嘉爵园 ,1
清狮花园 ,1
凯旋大厦 ,1
富都楼 ,1
好美嘉园 ,1
嘉华广场 ,1
友田大厦 ,1
炭步楼 ,1
馨泉花园 ,1
广晟中铁建花语天A ,1
阳光城兰园翡丽湾 ,1
粤富花园 ,1
新景豪苑 ,1
倚湖居 ,1
海怡阁 ,1
日昌豪苑 ,1
路劲隽悦豪庭一期 ,1
百业广场 ,1
金都花园 ,1
荣华楼 ,1
永福大厦 ,1
侨苑小区(花都区) ,1
马鞍山一号 ,1
远洋芙蓉墅 ,1
怡康花园(花都) ,1
京仕广场 ,1
广州融创文旅城B3区 ,1
时代云港 ,1
凯旋门 ,1
大城云山 ,99
竹丝岗大马路 ,24
华标荔苑 ,16
智汇国际 ,8
时代印象 ,7
农林下路 ,6
梅花村 ,6
万科金色家园 ,5
城西花园 ,5
荔林春晓 ,5
东华东路 ,5
锦绣新天地 ,4
上雅君庭 ,4
天马丽苑二期 ,4
纺织路(海珠) ,4
聚龙花园 ,4
竹丝岗二马路39号大院 ,3
东川路 ,3
中海誉城北苑 ,3
越秀岭南山畔 ,3
富力金港城东区 ,3
海外花园 ,3
环市东路 ,3
福今北 ,3
万福路 ,3
富力环市西苑 ,3
保利百合花园二期 ,2
庄士映蝶蓝湾 ,2
豪骏名苑 ,2
珠光山水御苑 ,2
华侨城(番禺) ,2
梅园阁 ,2
东风东路754号之一大院 ,2
文德路 ,2
大德路 ,2
中山二路 ,2
竹丝岗二马路 ,2
泰沙路 ,2
御金沙 ,2
东湖铭泰公馆 ,2
江南西路 ,2
岐山中路 ,2
华润置地・瑞府 ,2
东方花园3区 ,2
嘉丽苑 ,2
力迅商务大厦 ,2
福景园 ,2
招商雍景湾北区 ,2
珠江铂世湾 ,2
雅居乐雍华廷二期 ,2
建设二马路 ,2
锦绣花园南区 ,2
珠江嘉园 ,2
顺欣花园 ,2
锦绣半岛西区 ,2
祈福新村天湖居 ,2
百合苑B区 ,2
鸿图苑 ,2
倚莲半岛花园 ,2
小北路 ,2
电子五所宿舍 ,2
天成居 ,2
金燕花苑 ,2
凯德山海连城二期 ,2
白云家园 ,2
环市西路 ,2
海力花园 ,2
新城市宜家 ,2
电视台小区 ,2
盈富居 ,2
绿地珑h府 ,2
观海美寓 ,2
春鸿居 ,2
怡乐路13号大院 ,2
万科天景花园 ,2
时代柏林 ,2
亚运城媒体村(南区) ,2
自在城市花园四期诺德名筑 ,2
金碧花园第一金碧 ,2
阳光城丽景湾・星悦 ,2
北丽园 ,2
中海康城 ,2
岭南新世界 ,2
银建小区 ,2
华景雅苑德维轩 ,2
万科里享家 ,2
保利丰花园 ,2
祈福新村康怡居 ,2
奥园广场 ,2
时代城 ,2
富力新居 ,2
汇侨新城北区 ,2
保利城 ,2
杨巷路 ,2
华景新城怡景园 ,2
金泽华庭 ,2
雅景苑 ,2
康裕园 ,2
龙津西路 ,2
碧桂园凤凰城凤盈苑 ,2
峰境园 ,2
金雅苑 ,2
富雅名居 ,2
保利麓苑 ,2
江南大道中 ,2
雪域澜庭A2区 ,2
龟岗大马路 ,2
农林华府 ,2
福雅居 ,2
海印苑 ,2
气象局大院 ,2
万科山景城 ,2
珠光路 ,1
先烈中路 ,1
教育路(越秀) ,1
桨栏路 ,1
多宝华厦 ,1
东华市场东华东路 ,1
培正路 ,1
惠福东路 ,1
同庆路 ,1
锦桦大厦锦桦荟 ,1
广船鹤园小区 ,1
雅居乐雍逸豪庭 ,1
珠光流溪御景 ,1
新福港鼎峰 ,1
海富花园 ,1
富力伯爵山 ,1
万科南方公元 ,1
西福蓝湾 ,1
应元路 ,1
美力花园 ,1
保利中航城二期 ,1
万科城 ,1
华侨花园 ,1
越秀滨海悦城 ,1
富庄庭 ,1
花都颐和山庄 ,1
亚运城天o1区 ,1
南方电网宿舍 ,1
滨江西路 ,1
保利东江首府 ,1
尚东阳光 ,1
雅居乐小院流溪 ,1
颐和盛世 ,1
时代南湾 ,1
豪进山湖BZ ,1
祈福缤纷汇 ,1
南田路 ,1
广园云苑新村 ,1
新城国际 ,1
托斯卡纳(从化区) ,1
科慧花园 ,1
时代印记(广州) ,1
福龙苑 ,1
金地香山湖 ,1
中惠璧珑湾 ,1
岭南公馆 ,1
雪域澜庭A1区 ,1
德安新村 ,1
工会大厦 ,1
豪景花园 ,1
紫泉翠荔嘉园 ,1
天马河壹号 ,1
雄峰城 ,1
盘福路 ,1
上城湾畔B区 ,1
海伦堡流金岁月 ,1
风神花园 ,1
华侨乐园 ,1
万科城市之光E区 ,1
碧桂园映象 ,1
碧桂园豪进左岸 ,1
天河广场 ,1
珠江花园 ,1
祈福新村青怡居 ,1
东骏花园 ,1
广州敏捷绿湖首府 ,1
南沙奥园 ,1
西湾苑 ,1
光大花园中海锦榕湾 ,1
金山谷尚层 ,1
西华路 ,1
聚宝阁 ,1
亚太新城富丽园 ,1
东方白云花园 ,1
文船生活区新东区 ,1
沙和路 ,1
祈福辉煌台 ,1
港航华庭 ,1
南沙湾东苑 ,1
陈岗路 ,1
侨怡苑 ,1
福宁路 ,1
阳光城丽景湾・澜悦 ,1
晓港西马路 ,1
中房观湖国际 ,1
恒大山水城 ,1
富丽家园乳芳园 ,1
星誉花园 ,1
公园前9号小区 ,1
华景新城泽晖苑 ,1
湖畔花园 ,1
中新紫荆府 ,1
金建苑 ,1
丽江花园华林居 ,1
亚运城媒体北村 ,1
蓝色康园 ,1
保利拾光年 ,1
洪德雅苑 ,1
东晖名苑 ,1
祥景花园AC区 ,1
富泽园 ,1
方圆明月山溪 ,1
永福路永福西约 ,1
萝岗敏捷广场 ,1
亚运城天成 ,1
金泽花园 ,1
龙湾广场 ,1
区庄村 ,1
棠德花苑 ,1
顺德碧桂园芷兰湾 ,1
富雅都市华庭 ,1
广州万科城 ,1
都府社区 ,1
东方花园又一村 ,1
湖滨小区 ,1
瑞晖花园 ,1
汇东国际花园 ,1
人盛巴厘天地 ,1
金时花园 ,1
东方名都花园 ,1
大新路 ,1
福今西 ,1
福今东 ,1
共和南路 ,1
创基丽江国际 ,1
万寿路 ,1
宏达北路 ,1
丽江花园丽茹楼 ,1
碧泰豪苑 ,1
保利心语 ,1
华景新城怡华台 ,1
松园大厦(花都区) ,1
银都大厦 ,1
鸿城花园 ,1
解放北路(越秀区) ,1
城启荔港南湾 ,1
沙园 ,1
南华西路 ,1
菜园东 ,1
起义路 ,1
华侨新村 ,1
小东园 ,1
新平路 ,1
天字广场 ,1
金羊花园 ,1
合汇学府名郡 ,1
丰年华庭 ,1
市委党校大院 ,1
海珠中路 ,1
滨江1933 ,1
达道路 ,1
八旗二马路 ,1
逢源路 ,1
执信南路 ,1
惠福西路 ,1
珠岛花园 ,1
多宝路 ,1
长堤大马路 ,1
新河浦路 ,1
龟岗四马路 ,1
珠光雅居 ,1
东湖北大院 ,1
西华路 ,28
珠岛花园 ,19
环市西路 ,16
中山七路 ,15
城启荔港南湾 ,15
万科柏悦湾 ,13
龙津西路 ,12
西湾东路 ,12
新世界凯粤湾 ,11
富力环市西苑 ,10
花语水岸 ,10
南岸路 ,10
金道花园 ,9
金湾明珠 ,9
万科海上传奇 ,8
富力新居 ,7
西湾路 ,7
黄沙大道 ,7
宝华路(荔湾) ,7
岭南湾畔 ,6
乐怡居 ,6
龙津东路 ,6
文昌南路 ,6
逢源路 ,6
广雅路 ,6
多宝路 ,6
鸿图苑 ,6
四季花园 ,5
新世界逸彩庭园 ,5
北大资源博雅1898 ,5
合兴苑 ,5
广船鹤园小区 ,5
骏业阁 ,5
站前路(荔湾) ,5
悦江上品苑 ,5
蓬莱路 ,5
桃源社区 ,5
西关尚品 ,5
西湾苑 ,4
金花苑 ,4
十八甫北路 ,4
流花路 ,4
杨巷路 ,4
金宇花园 ,4
陈岗路 ,4
华发中央公园 ,4
文昌花园 ,4
丰年华庭 ,4
西关大厦 ,4
辉洋苑 ,4
恒宝华庭 ,4
恒利翠竹苑 ,4
华贵路 ,4
金融街融穗华府 ,4
恩宁路 ,4
逸翠湾 ,4
杉木栏路 ,4
荔江美筑 ,4
荔新大厦 ,4
荷柳苑 ,3
芳雅苑 ,3
保利紫林香苑 ,3
芳和花园 ,3
葛洲坝广州紫郡府 ,3
元邦明月星辉 ,3
龙湾广场 ,3
中海锦汇华庭（A区） ,3
桨栏路 ,3
光复南路 ,3
翠岛居 ,3
龙锦大厦 ,3
世纪广场 ,3
保利碧桂园・公园大道 ,3
中山八路 ,3
环翠园 ,3
龙津大厦 ,3
银建小区 ,3
桥东小区 ,3
荔尚国际 ,3
长乐花苑二期 ,3
金花小区 ,3
南源花园 ,3
长寿东路 ,2
丛桂路 ,2
惠城花园 ,2
东鹏花园一期 ,2
金兰苑 ,2
南京路14号大院 ,2
保利花海湾 ,2
大同路(荔湾) ,2
富力广场T区 ,2
路劲隽泷湾 ,2
宝源路 ,2
西增路 ,2
怡芳苑 ,2
力诚欣悦湾 ,2
多宝华厦 ,2
芳华苑 ,2
周门小区周门北路 ,2
荔湾路 ,2
保利东郡 ,2
十八甫南路 ,2
上九路 ,2
十三行路 ,2
接龙里小区 ,2
府前阁 ,2
中信苑 ,2
西场电器城 ,1
伟腾阁 ,1
荔康大厦 ,1
中海花湾壹号C区 ,1
陈岗路2号大院 ,1
茶蛐麓 ,1
芳村花园 ,1
御景壹号 ,1
保利花香美苑 ,1
鹅潭湾 ,1
保利和光晨樾 ,1
和平南小区 ,1
牡丹阁 ,1
富力广场S区 ,1
顺景楼(荔湾区) ,1
金纶大厦 ,1
富力君湖华庭 ,1
富力广场D区 ,1
富力广场A区 ,1
业丰花园 ,1
保利西悦湾 ,1
怡康苑 ,1
芬芳小区 ,1
碧桂园朝花 ,1
金门大厦 ,1
宏新华庭 ,1
西门口广场 ,1
龙津商贸大厦 ,1
紫莱苑 ,1
西关海 ,1
怡福花园 ,1
鹤洞路 ,1
王圣堂莲塘前街4号 ,1
文昌雅居 ,1
君荟名轩 ,1
金达阁 ,1
中海锦观华庭D区 ,1
嘉茗华庭 ,1
春蕾苑 ,1
福盛花苑 ,1
光复北路 ,1
沙涌新村 ,1
站前横路 ,1
幸福新村 ,1
周门小区周门街 ,1
如意坊路 ,1
城启晴轩 ,1
十三甫路 ,1
珠玑路 ,1
和乐大厦 ,1
和平西路 ,1
荔景华庭 ,1
花地大道北 ,1
六二三路 ,1
第十甫路 ,1
十七甫北 ,1
康王南路 ,1
涌边一马路 ,1
桥中花园 ,1
凯德双桥8号 ,1
逢源轩 ,1
西华苑 ,1
富力盛悦居 ,1
保利西悦湾观澜 ,1
万盛苑 ,1
贵贤上品 ,1
金盈居 ,1
富力路 ,1
龙津世家 ,1
恒大御景半岛 ,109
金名都 ,60
时代水岸二期 ,52
时代糖果一期 ,25
时代糖果二期 ,25
中海金沙里 ,25
沙面新城 ,21
新荔湾花园 ,20
恒大御景湾 ,20
中海金沙湾A区 ,18
白天鹅花园 ,17
时代糖果三期 ,16
中海金沙湾B区 ,15
时代水岸一期 ,13
中海金沙湾C区 ,10
时代天境 ,9
万科四季花城提香公寓 ,9
时代水岸三期 ,8
万科四季花城蔷薇苑 ,7
岐海苑 ,7
敏捷花城里 ,6
万科四季花城海棠苑 ,6
新希望金沙公馆 ,5
万科四季花城灏山美筑 ,5
万科四季花城悦山美筑 ,4
万科四季花城俪姗美筑 ,4
万科四季花城云山美筑 ,4
万科四季花城天竹轩 ,4
恒大御景半岛紫杉湖 ,3
万科四季花城茉莉苑 ,3
万科四季花城汇竹轩 ,3
万科四季花城米兰苑 ,3
万科四季花城丹桂苑 ,3
万益广场 ,3
时代糖果别墅区 ,3
万科四季花城丹枫苑 ,2
万科四季花城百合苑 ,2
万科四季花城尚山美筑 ,2
万科四季花城碧榕苑 ,2
万科四季花城商铺 ,2
万科四季花城云竹轩 ,2
万科四季花城涛竹轩 ,2
万科四季花城伴山美筑 ,1
万科四季花城玉兰苑 ,1
万科四季花城别墅 ,1
万科四季花城铃兰苑 ,1
万科四季花城牡丹苑 ,1
万科四季花城海竹轩 ,1
万科四季花城富竹轩 ,1
万科四季花城玫瑰苑 ,1
万科四季花城文竹轩 ,1
恒大御景半岛丹桂湖 ,1
万科四季花城紫竹轩 ,1
越秀滨海新城 ,67
阳光城丽景湾・澜悦 ,34
万科南方公元 ,24
阳光城悦然府 ,23
阳光城丽景湾・星悦 ,20
越秀滨海御城二区 ,20
叠翠峰 ,15
南沙境界 ,15
越秀东坡 ,12
金科博翠明珠 ,10
时代南湾 ,10
南沙奥园 ,9
南沙碧桂园 ,9
碧桂园天玺湾 ,9
保利星满花园 ,8
海力花园 ,8
星河・东悦湾 ,8
南沙金茂湾 ,7
丰庭花园 ,7
万科白鹭郡 ,7
万科府前一号 ,7
南沙珠江湾 ,7
中大城 ,7
南沙万达广场 ,7
南沙湾东苑 ,6
南沙金湾 ,6
越秀滨海御城 ,6
富力天海湾 ,6
新h花园 ,6
名苑别墅 ,5
南沙保利南怡湾 ,5
越秀滨海隽城 ,5
南沙碧桂园豪庭 ,5
华润置地・瑞府 ,5
越秀滨海悦城 ,5
富力伯爵山 ,5
星河山海湾 ,5
广晟海韵兰庭 ,4
滨海水晶湾 ,4
星河丹堤 ,4
南沙保利城 ,4
中惠璧珑湾 ,4
碧桂园海湾1号 ,4
逸涛雅苑 ,4
南沙・十里方圆 ,4
真功夫总部大楼 ,4
敏捷尚品国际 ,4
绿城美的・晓风印月 ,4
逸涛半岛 ,4
南沙水恋 ,3
中国铁建环球中心 ,3
时代长岛 ,3
保利半岛南地块 ,3
碧桂园蜜柚 ,3
通大旭日园 ,3
时代香海彼岸 ,3
星河盛世 ,3
南沙云山诗意 ,3
观海美寓 ,2
越秀天A ,2
双晖轩小区 ,2
时代绿庭山语 ,2
越秀明珠天悦江湾 ,2
越秀滨海汇 ,2
南沙大都汇 ,2
珠江源昌花园 ,2
港航华庭 ,2
柳岸晓风 ,2
龙光棕榈水岸南区 ,2
中国铁建海语熙岸 ,2
大岗翡翠蓝湾北区 ,2
华海山屿海 ,2
星河・湾区壹号 ,2
云水雅苑 ,2
海Z奥园 ,2
时代云图 ,2
越秀国际总部广场 ,2
广隆苑 ,2
南沙・富力唐宁 ,2
保利半岛 ,2
敏捷君御国际 ,2
时代天逸 ,2
南沙心意华庭 ,2
中海熙园 ,1
海棠花园(南沙) ,1
龙光棕榈水岸北区 ,1
南沙城 ,1
中国铁建海悦国际 ,1
万科海上明月 ,1
美的云筑 ,1
创鸿嘉园 ,1
珠光南沙御景 ,1
富港花园 ,1
阳光城丽景湾领悦 ,1
湾区・金融城 ,1
阳光城熙然府 ,1
大岗翡翠蓝湾南区 ,1
阳光城香缇溪岸 ,1
长江数码花园(南沙) ,1
豪岗花园 ,1
南沙湾石奥 ,1
中海联南沙国贸中心 ,1
紫茗花园 ,1
盈港国际 ,1
滨海半岛 ,1
中交汇通中心 ,1
时代维港 ,1
人民路 ,1
金山谷四期 ,18
祈福缤纷汇 ,17
祈福新村康怡居 ,10
祈福新村青怡居 ,10
同创誉城 ,10
洛涛南区 ,9
华侨城(番禺) ,8
祈福新村湖景居 ,8
诺德名都 ,7
顺德碧桂园芷兰湾 ,7
万科欧泊 ,7
大北路 ,7
锦绣半岛西区 ,6
亚运城天o1区 ,6
雅居乐城南源著 ,6
香柏华府 ,6
广州碧桂园华苑 ,5
倚莲半岛花园 ,5
珠江花园 ,5
凯德山海连城二期 ,5
越秀和樾府二期 ,5
方圆大学时光 ,5
信业悦都荟 ,5
尚上名筑一区 ,4
新城市宜家 ,4
华荟明苑 ,4
康裕园 ,4
亚运城媒体村(南区) ,4
锦绣半岛东区 ,4
祈福新村蝶舞轩 ,4
锦绣银湾 ,4
越秀可逸江畔 ,4
敏捷上城商务中心 ,4
钟村商贸城 ,4
广州奥林匹克花园 ,4
尚上名筑二期 ,3
亚运城天o3区 ,3
东方白云花园 ,3
富丽家园乳芳园 ,3
珠江铂世湾 ,3
时代柏林 ,3
鸿城花园 ,3
东方花园又一村 ,3
亚运城天珑 ,3
广地花园 ,3
中国铁建・花语岭南 ,3
祈福新村祈福名都 ,3
丽江花园康城居 ,3
华南新城南区 ,3
海印又一城海印星h ,3
桥福园 ,3
星尚花园 ,3
敏捷伊顿公馆 ,3
富丽家园福泰园 ,3
自在城市花园四期诺德名筑 ,2
锦绣花园南区 ,2
海怡花园 ,2
广州雅居乐花园新地沁园 ,2
丽江花园德荫楼 ,2
亚运城媒体北村 ,2
奥园养生广场 ,2
东华花园 ,2
榕苑 ,2
金龙城财富广场 ,2
丽江花园华林居 ,2
香缤豪庭 ,2
祈福新村C区 ,2
丽江花园丽波楼 ,2
丽江花园星海洲 ,2
南国奥园 ,2
锦绣香江花园紫荆园 ,2
汇庭雅苑 ,2
丽江花园德汇楼 ,2
珊瑚湾畔 ,2
康泰苑 ,2
凯德山海连城 ,2
敏捷四季花园 ,2
美心翠拥华庭一期 ,2
莲花湾畔花园 ,2
亚运城天荟 ,2
亚运城天成2区 ,2
越秀和樾府一期 ,2
康乐园 ,2
金海岸花园金石碧苑 ,2
招商金山谷MINI-TOP ,2
万科世博汇 ,2
广州碧桂园丽苑 ,2
华进明苑 ,2
银都大厦 ,2
广州碧桂园美苑 ,2
尚上名筑三期 ,2
海天花园 ,2
禺秀园 ,2
祈福水城 ,2
朗陶居 ,2
佰利山 ,2
星海国际 ,2
海伦堡流金岁月 ,2
奥园广场 ,2
北丽园 ,2
丽江花园丽茹楼 ,2
岐山中路 ,2
庄士映蝶蓝湾 ,2
东方花园3区 ,2
福景园 ,2
雄峰城 ,2
德安新村 ,2
祈福新村天湖居 ,2
华南碧桂园岭御苑 ,2
侨联社区新城区 ,2
智联・汽车小镇 ,2
吉祥道 ,2
锦绣趣园 ,2
品秀・星瀚 ,2
祈福新村绿怡居 ,2
禺雅园 ,2
大西路 ,2
祈福新村A区 ,2
长江数码花园(番禺) ,2
亚运城天誉 ,2
万科金色城品 ,2
正太广场 ,2
瑞和园 ,2
敏捷华美国际 ,2
石城市花园 ,2
富豪山庄 ,2
东逸华庭 ,2
宝翠苑 ,2
番禺奥林匹克花园 ,2
富丽家园富昌花园 ,2
亚运城天骄 ,1
富丽家园丽水湾 ,1
金山谷尚层 ,1
星誉花园 ,1
时代倾城(番禺区) ,1
滨江绿园 ,1
盛会国际公寓 ,1
温馨里 ,1
雅居乐花园浅山小筑 ,1
吉祥北街 ,1
亚运城运动员村三区 ,1
金沙诚筑 ,1
广州星河湾朗心园 ,1
华南新城北区 ,1
富丽家园百丰楼 ,1
海傍路海傍后街 ,1
东晟明珠花园 ,1
悦尚公馆 ,1
华南碧桂园翠云山 ,1
祈福新村D区 ,1
吉祥北园D区 ,1
亚运城天成 ,1
保利公馆2010亚奥南苑 ,1
富庭华园 ,1
自在城市花园一二期 ,1
星河湾赏心园 ,1
金海岸花园聚湖 ,1
康裕北苑 ,1
富庭东园 ,1
顺德碧桂园东苑 ,1
丹桂园 ,1
广州碧桂园雅苑 ,1
祈福新村迎风阁 ,1
富丽家园福宁园 ,1
南浦长大公司 ,1
海伦堡花样年华一期 ,1
江山帝景 ,1
雅居乐花园雅湖居 ,1
中颐海伦堡花样年华二期 ,1
如意花园 ,1
锦绣生态园 ,1
华荟南景园 ,1
华怡居 ,1
锦绣香江花园山水华府 ,1
银行后街 ,1
尚东尚筑 ,1
尚东嘉御 ,1
松苑小区 ,1
万丰路 ,1
南兴花园(番禺区) ,1
富庭雅园北区 ,1
奥园莲峰圣境 ,1
祈福新村都市活力花园 ,1
美心花园 ,1
喜盈雅境 ,1
富丽家园三和大厦 ,1
美心东苑 ,1
景福大厦 ,1
广州星河湾星河六号园 ,1
亚运城天韵 ,1
鑫隆世家 ,1
中环品悦 ,1
珑翠花园 ,1
侨宫苑 ,1
园丰小区 ,1
江南新村 ,1
解放路(市桥) ,1
光明北路241号大院 ,1
祈福新村绿怡南路 ,1
市桥大南路 ,1
富丽家园 ,1
工业路 ,1
顺德碧桂园彩云居 ,1
邮电局大厦 ,1
广州雅居乐花园花巷 ,1
龙西路 ,1
广晟万博城 ,1
裕林苑 ,1
恒生苑 ,1
芳华花园洛涛居北区 ,1
盈创水悦轩 ,1
西兴苑 ,1
海印总统公馆 ,1
石荔新大道 ,1
富丽家园渝达大厦 ,1
广州雅居乐花园雅翠庭 ,1
华海大厦 ,1
富丽家园朝阳西路 ,1
富丽家园华贵大厦 ,1
天睿 ,1
田心社区 ,1
广州雅居乐花园时光九篇 ,1
德祥路 ,1
粮所宿舍 ,1
西城路(番禺区) ,1
繁华路 ,1
恒盛苑 ,1
西城花园 ,1
顺景苑(番禺区) ,1
北城白云花园 ,1
新广路 ,1
东圆新村 ,1
番禺永兴楼 ,1
鸿禧华庭 ,1
番艺花园 ,1
金侨岭南院 ,1
万科云城米酷 ,14
远洋天骄广场 ,14
环宇花园 ,12
新燕花园 ,8
天河新天地 ,8
富力万科云启 ,8
铂林国际公寓 ,7
阳光家园(天河) ,6
星河苑 ,6
恒大B睿 ,6
保利林海山庄 ,6
先烈东横路 ,5
侨乐新村 ,5
富力爱丁堡国际公寓 ,5
宝翠园 ,5
天健上城 ,5
保利世纪绿洲一期 ,4
力迅上筑 ,4
先烈东路 ,4
天鹅花苑 ,3
瑞心苑 ,3
广信牡丹阁 ,3
金地天河o睿 ,3
易丰大厦 ,3
龙岗东小区 ,3
中强雅苑 ,3
侨源山庄 ,3
公路局大院 ,3
陶苑小区 ,3
铂金公寓 ,3
财富世纪广场 ,2
富星商贸大厦 ,2
远洋天骄 ,2
民政局大院 ,2
棠德花苑 ,2
水荫路永福正街 ,2
信成小区 ,2
龙岗路34号大院 ,2
骏景花园 ,2
御晖苑 ,2
先烈东二横路 ,2
金建苑 ,2
建丽花园 ,2
耀星华庭 ,2
橡树园 ,2
富力天朗明居 ,2
天逸名都 ,2
天惠大厦 ,2
迎翠春庭 ,2
光机电研究所 ,2
广之旅大厦 ,2
水务局三防办 ,2
天诚广场 ,2
东河苑 ,1
叠翠台 ,1
华南国家植物园  ,1
国光小区 ,1
天河北苑 ,1
法院小区  ,1
燕塘大院 ,1
电子五所宿舍 ,1
华景新城叠翠居 ,1
聚侨苑 ,1
金富苑 ,1
美林湖畔花园 ,1
广东建材学校宿舍 ,1
天河区离退休干部第二休养所 ,1
禺东西路大洲地 ,1
兴禺大厦 ,1
象牙厂宿舍 ,1
司法局宿舍(天河区) ,1
水荫四横路 ,1
天河鸿运花园 ,1
南兴花园(天河区) ,1
瘦狗岭路9号大院 ,1
联泰天河YOHO ,1
龙岗路 ,1
广东工业大学沙河校区 ,1
冠庭园 ,1
德荣小区 ,1
粤垦路红英街 ,1
南方电网宿舍 ,1
银燕大厦 ,1
育龙居 ,1
保利世纪绿洲二期 ,1
金燕花苑 ,1
先烈东横路7号大院 ,1
力达广场 ,1
沙和路沙东大街 ,1
杂技团宿舍 ,1
金碧翡翠华庭 ,1
卫生院宿舍 ,1
加拿大花园 ,1
恒达苑 ,1
有色金属研究院西生活区 ,1
广厦居 ,1
有色金属研究院东生活区 ,1
天雅阁 ,1
员村西街7号大院 ,1
凯旋新世界枫丹丽舍 ,1
龙口花苑 ,1
广利路 ,1
保利天汇 ,1
翰景轩 ,1
兰亭盛荟 ,1
天一新村 ,1
农工商学院 ,1
杨箕东小区 ,1
天河直街102-120号宿舍(双号) ,1
振东花苑 ,1
六运小区 ,1
江源半岛花园 ,1
竹丝岗大马路 ,24
东华东路 ,20
农林下路 ,16
环市东路 ,15
梅花村 ,13
盘福路 ,10
解放北路(越秀区) ,10
大德路 ,9
水荫路 ,9
水荫直街 ,8
东川路 ,8
解放中路 ,8
小北路 ,7
竹丝岗二马路 ,7
永福路永福西约 ,7
万科金色家园 ,7
淘金路 ,7
大新路 ,6
文德路 ,6
黄田小区 ,6
华侨乐园 ,6
东华西路 ,6
惠福西路 ,6
中山四路 ,5
下塘西路 ,5
东方花苑 ,5
建设二马路 ,5
竹丝村 ,5
气象局大院 ,5
五羊小区 ,5
达道路 ,5
区庄村 ,5
海珠北路 ,4
共和南路 ,4
龟岗大马路 ,4
东兴小区 ,4
海珠中路 ,4
都府社区 ,4
文明路 ,4
执信南路 ,4
共和路 ,4
华侨新村 ,4
保利麓苑 ,4
东风广场 ,4
锦桦大厦锦桦荟 ,4
海印大厦 ,3
海印苑 ,3
东湖新村 ,3
东风东路 ,3
新河浦路 ,3
德政北路 ,3
东湖北大院 ,3
广发花园 ,3
东川大厦 ,3
福今北 ,3
福今东 ,3
先烈中路81号大院 ,3
农林华府 ,3
惠福东路 ,3
竹丝岗二马路39号大院 ,3
梅东路 ,3
中山一路 ,3
纸行路 ,3
环球广场 ,3
净慧路 ,3
金湾畔大厦 ,3
寺右二马路 ,3
中山三路 ,3
朝天路 ,3
教工新村 ,3
共和西小区 ,3
丽苑大厦(越秀区) ,3
湖滨小区 ,3
金羊花园 ,3
应元路 ,3
福今路 ,3
三育路 ,3
珠光雅居 ,2
珠光路 ,2
八旗二马路 ,2
福今路3号大院 ,2
东风东路754号之一大院 ,2
东湖铭泰公馆 ,2
白云大厦 ,2
光塔路 ,2
黄花新村 ,2
共和苑 ,2
菜园西 ,2
羊和园 ,2
大东门华庭 ,2
麓苑路 ,2
农林东路 ,2
东园新村 ,2
大沙头路 ,2
诗书路 ,2
越瑞大厦 ,2
广州机务段 ,2
广东国际大厦 ,2
锦源国际公寓 ,2
环市中路 ,2
东山公寓 ,2
越秀北路 ,2
东兴南小区 ,2
力迅商务大厦 ,2
冠城大厦 ,2
人民北路 ,2
起义路 ,2
恒福路11号大院 ,1
法政路 ,1
富宏花园 ,1
省政协宿舍 ,1
中山五路 ,1
东环路6号大院 ,1
德政中路 ,1
联发名阁 ,1
体委大院 ,1
站西路 ,1
六榕路 ,1
明达大厦 ,1
金麓山庄 ,1
翰林尚品 ,1
麓景东路 ,1
铁路大院 ,1
童心路 ,1
观湖雅轩 ,1
培正一横路 ,1
碧翠苑 ,1
百好居 ,1
广园东路 ,1
广信美景大厦 ,1
老报社大院 ,1
小北大厦 ,1
嘉诚国际公寓 ,1
农林上路 ,1
筑北商住楼 ,1
云鹤园 ,1
幸福小区 ,1
麓湖轩 ,1
淘金家园oZ ,1
万福路 ,1
中山二路 ,1
菜园东 ,1
小东园 ,1
宝山大厦 ,1
福今西 ,1
天秀大厦 ,1
金悦东山国际公馆 ,1
大新大厦 ,1
越秀花苑大厦 ,1
东园路 ,1
广信豪景大厦 ,1
海印花园 ,1
粮食局宿舍 ,1
烟墩路 ,1
东悦居 ,1
辉煌大厦 ,1
俊逸阁 ,1
东风东路754号大院 ,1
天字广场 ,1
培正路 ,1
龟岗三马路 ,1
长堤大马路 ,1
市委党校大院 ,1
北京路 ,1
庙前直街 ,1
一德路 ,1
共和西苑 ,1
海珠南路 ,1
东华市场东华东路 ,1
先烈中路 ,1
教育路(越秀) ,1
寺贝楼 ,1
淘金坑 ,1
海鹰大厦 ,1
东山华丰大厦 ,1
东华南路白云楼 ,1
梅花路 ,1
越华大厦 ,1
东山铭泰公馆 ,1
淘金家园二三期 ,1
北京南路 ,1
房建大厦 ,1
象岗山 ,1
广工大院 ,1
德雅轩 ,1
天誉商务大厦 ,1
三木国际公寓 ,1
建雅台 ,1
米市路 ,1
百灵路 ,1
天伦花园 ,1
北较场路 ,1
百兴苑 ,1
府前铭泰 ,1
太和岗路22号大院 ,1
文德先生 ,1
侨力大厦 ,1
仁济路 ,1
瑶泉新苑 ,1
文德广场 ,1
南天大厦 ,1
永福楼 ,1
嘉兰轩 ,1
保利中航城花园一期 ,54
保利中航城二期 ,36
品秀星图 ,28
保利立方花园 ,25
万科春风十里 ,24
东方名都花园 ,19
锦绣新天地 ,15
中海联睿品 ,14
保利平方花园 ,13
科慧花园 ,10
恒大山水城 ,10
香江天赋 ,10
新都盛世名门宏城汇 ,8
中国铁建国际花园 ,8
实地蔷薇国际 ,8
西福蓝湾 ,8
广汇尊府 ,8
尚东阳光 ,8
御溪世家 ,7
新都盛世名门 ,7
保利中海金地・大国Z ,6
恒大山水郡 ,6
金色港湾 ,6
汇东国际花园 ,6
合汇学府名郡 ,5
顺欣花园 ,5
新塘新世界花园万象苑 ,5
保利东江首府 ,5
金地香山湖 ,5
中海联智汇城 ,5
海伦堡花园 ,5
时代名著(增城) ,5
荔富湖畔 ,5
碧桂园豪进左岸 ,4
碧桂园城市花园漫绿苑 ,4
富雅都市华庭 ,4
碧桂园豪进广场 ,4
海伦春天 ,4
绿地珑h府 ,4
亚太新城亚太银座一期 ,4
奥园誉o ,4
荔城尚东 ,3
亚太新城亚太银座二期 ,3
金地荔湖城公园上城 ,3
碧桂园映象 ,3
华润置地公园上城 ,3
金泽华庭 ,3
合景誉山国际三区 ,3
新康花园 ,3
增城时代廊桥 ,3
富雅名居 ,2
碧桂园凤凰城凤盈苑 ,2
金时花园 ,2
广州万科城 ,2
宏达北路 ,2
创基丽江国际 ,2
广州敏捷绿湖首府 ,2
恒展江山时代花园 ,2
锦绣御景国际四期 ,2
水电二局宿舍 ,2
大华东郡府 ,2
挂绿路 ,2
锦绣御景国际二期 ,2
逸翠庄园 ,2
中建荔苑 ,2
新景豪庭 ,2
叠溪花园 ,2
碧桂园城市花园花岸苑 ,2
荔城碧桂园 ,2
豪进山湖BZ ,2
翡翠绿洲湖绣苑 ,2
侨建御溪谷北区 ,2
东江逸珑湾 ,2
合景花漫里 ,2
敏捷东樾府 ,2
水电广场 ,2
碧桂园豪园挂绿湖 ,2
景新国际名城 ,2
继枚路 ,2
长风国际公寓 ,2
碧桂园中心 ,2
招商臻园 ,1
万科金色里程 ,1
汇港威华雅苑 ,1
凤秀家园 ,1
亚太新城富群苑 ,1
碧桂园豪园荔山苑 ,1
金地荔湖城水立坊 ,1
金泽豪庭一期 ,1
新塘新世界花园嘉华苑 ,1
万科桃源里 ,1
碧桂园荔园 ,1
碧桂园凤凰城凤晴苑 ,1
碧桂园中新首府 ,1
亚太新城富丽园 ,1
中新紫荆府 ,1
金泽花园 ,1
新塘新世界花园嘉怡苑 ,1
时代倾城(增城区) ,1
汇美体育花园 ,1
力诚凯怡湾 ,1
金马香颂居 ,1
丰泰城市公馆 ,1
碧桂园云顶 ,1
迪亚春天花园 ,1
翡翠绿洲森林半岛 ,1
增城雅居乐御宾府 ,1
广州敏捷绿湖首府二期 ,1
誉山国际五区学府里 ,1
太阳城巧克力 ,1
金茂万科都会四季 ,1
碧桂园凤凰城凤馨苑 ,1
南山丰景二期 ,1
惠百氏广场 ,1
恒福花园 ,1
时尚广场 ,1
东凌广场 ,1
翡翠绿洲育才阳光苑 ,1
碧桂园凤凰城凤仪苑 ,1
合生湖山国际5期峰荟 ,1
敏捷锦绣天伦 ,1
岗前路 ,1
莲园新村 ,1
莲园路 ,1
中建联投学府悦城 ,1
卫山东二路 ,1
太平洋花园 ,1
商业大厦生活小区 ,1
城市家园二期 ,1
景江大厦 ,1
通园中路 ,1
新利大厦 ,1
西城路五福街 ,1
城市家园一期 ,1
佳兆业佳泽园 ,1
富好城 ,1
增城万达广场 ,1
碧桂园凤凰城凤妍苑 ,1
翡翠绿洲湖滨苑 ,1
方圆云山诗意云玺 ,1
乐活小镇 ,1
